Area;Perimeter;MajorAxisLength;MinorAxisLength;AspectRation;Eccentricity;ConvexArea;EquivDiameter;Extent;Solidity;roundness;Compactness;ShapeFactor1;ShapeFactor2;ShapeFactor3;ShapeFactor4;Class
45666;789,77;274,8633573;211,8851392;1,297228104;0,636987114;46074;241,1301662;0,748377581;0,99114468;0,920029115;0,87727287;0,006018994;0,002199087;0,769607688;0,998356721;CALI
55722;897,584;318,9323359;225,0086389;1,417422626;0,708704064;56736;266,3596327;0,779274177;0,98212775;0,869133231;0,835160323;0,005723634;0,001717636;0,697492765;0,988642027;CALI
55938;909,933;347,2764794;205,5303842;1,689660051;0,806059118;56664;266,8753897;0,73155995;0,987187632;0,848980993;0,768481039;0,006208239;0,001335614;0,590563108;0,99785089;CALI
56270;920,481;374,09942;194,0923458;1,927430052;0,854880123;57445;267,6661898;0,766621253;0,979545652;0,834559148;0,7154948;0,006648293;0,001074771;0,511932809;0,986714681;CALI
56675;898,464;344,9441908;210,2250507;1,640832953;0,79282715;57180;268,6277186;0,753977756;0,991168241;0,882266994;0,778757045;0,006086355;0,001380845;0,606462534;0,995103711;CALI
56679;911,133;355,9458366;204,8914494;1,73724105;0,817713549;57531;268,637198;0,810301939;0,985190593;0,857962864;0,754713696;0,00628003;0,001256812;0,569592763;0,98951993;CALI
56834;910,081;341,5703246;212,3913014;1,608212401;0,783169393;57509;269,0042682;0,806453444;0,988262707;0,862299217;0,787551637;0,006009965;0,001426159;0,62023758;0,997473768;CALI
58102;907,665;334,8035816;223,8662565;1,495551794;0,743577709;58986;271,9885366;0,805294525;0,985013393;0,886236776;0,812382398;0,005762342;0,001548178;0,659965161;0,987012081;CALI
59338;940,712;352,1829755;215,7836786;1,632111278;0,790313002;59999;274,8663095;0,793076717;0,98898315;0,842615415;0,780464499;0,005935201;0,0013584;0,609124834;0,994159511;CALI
59652;964,522;378,7807886;204,0263776;1,856528519;0,842536203;61244;275,5926075;0,765721474;0,974005617;0,805769078;0,727578103;0,006349842;0,001097643;0,529369896;0,982790308;CALI
60633;957,86;365,2227575;212,5224049;1,718514138;0,813261752;61556;277,8494796;0,705773484;0,985005523;0,830452593;0,760767159;0,006023498;0,001244617;0,57876667;0,994618705;CALI
61105;962,336;366,6975351;213,6564854;1,716294895;0,812722861;61842;278,9288482;0,674604489;0,988082533;0,829150081;0,760651004;0,006001105;0,001239232;0,57858995;0,993030977;CALI
61129;964,969;369,3481688;210,9473449;1,750902193;0,820856751;61796;278,9836198;0,750113507;0,989206421;0,824955328;0,755340471;0,00604211;0,00121322;0,570539227;0,998958384;CALI
61204;953,807;376,0897293;208,6121823;1,802817674;0,832058917;61712;279,1547118;0,767150073;0,991768214;0,84541249;0,742255611;0,006144855;0,00115055;0,550943392;0,993250484;CALI
61422;968,493;363,9807572;216,3316136;1,682513023;0,804207199;62310;279,6514247;0,712949206;0,985748676;0,82288822;0,768313762;0,005925902;0,001273763;0,590306036;0,993197594;CALI
61464;948,743;361,5067374;217,5064023;1,662051018;0,798747599;62161;279,7470203;0,789518304;0,988787182;0,858091332;0,773836256;0,005881601;0,001300983;0,598822552;0,995273632;CALI
61944;955,718;361,9657801;219,9610851;1,645590082;0,794178345;62873;280,8372311;0,70713136;0,985224182;0,852215795;0,775866799;0,005843436;0,001306161;0,60196929;0,990594693;CALI
62114;961,586;360,3624473;220,2068869;1,636472194;0,791576121;62796;281,2223339;0,768357249;0,989139436;0,844156752;0,780387457;0,00580163;0,001327306;0,609004583;0,996619067;CALI
62128;937,54;354,1882333;224,6542455;1,576592655;0,773104028;62849;281,2540247;0,735817325;0,988528059;0,888214023;0,794080656;0,005700944;0,001398251;0,630564089;0,994142711;CALI
62719;964,622;363,7687768;221,9326844;1,639095105;0,792330024;63475;282,5885897;0,797180843;0,988089799;0,847021948;0,776835748;0,005799977;0,001302935;0,603473779;0,989150917;CALI
62911;950,094;361,4241806;222,9701851;1,620952955;0,787025042;63883;283,0207996;0,777254757;0,984784685;0,875796694;0,783071014;0,005745008;0,001332524;0,613200213;0,993968698;CALI
63409;990,243;374,8087513;218,0335152;1,719041915;0,81338955;64645;284,13878;0,764369063;0,980880192;0,812600726;0,758090036;0,005910971;0,001204264;0,574700503;0,987934254;CALI
63716;979,012;373,0874676;218,6783262;1,706101716;0,810215919;64479;284,8257903;0,752255018;0,98816669;0,835376661;0,763428995;0,005855475;0,001226921;0,58282383;0,994356737;CALI
64132;968,793;380,8541775;215,9688009;1,763468501;0,823673539;65166;285,7540874;0,743404275;0,98413283;0,85866283;0,750297894;0,005938598;0,00116091;0,56294693;0,992739179;CALI
64137;1007,701;393,1304149;213,5250628;1,841144125;0,839641806;66763;285,7652265;0,798707364;0,960666836;0,793697709;0,726896764;0,006129542;0,001055598;0,528378906;0,972821718;CALI
64429;952,229;358,2573631;229,9439759;1,558020217;0,766838421;65054;286,4149972;0,731781836;0,990392597;0,892911564;0,799467162;0,005560499;0,001401187;0,639147743;0,995805104;CALI
64445;972,438;371,2981495;222,6643886;1,66752372;0,800231193;65116;286,4505585;0,784575116;0,989695313;0,856397221;0,771483938;0,005761473;0,001258986;0,595187466;0,992489218;CALI
64456;957,016;357,0359673;230,7953004;1,546981099;0,76298151;65050;286,4750043;0,745587045;0,990868563;0,884371661;0,802370155;0,00553922;0,001416209;0,643797865;0,995943129;CALI
64474;983,303;381,6531652;216,7944165;1,760438167;0,823000671;65241;286,5150021;0,789281036;0,988243589;0,837953174;0,750720885;0,005919489;0,001159786;0,563581848;0,992150995;CALI
64571;973,638;367,600901;225,4166781;1,63076177;0,789919656;65393;286,7304495;0,802094332;0,987429847;0,855957783;0,780004751;0,005692972;0,001299894;0,608407412;0,992167549;CALI
64588;979,277;378,6367712;219,3767145;1,725966095;0,815053532;65794;286,7681916;0,814764356;0,981670061;0,846351156;0,757370159;0,005862339;0,001189826;0,573609558;0,990030648;CALI
64605;996,636;385,5914274;216,2022804;1,783475302;0,828016978;66097;286,8059288;0,787097953;0,977427115;0,817340189;0,743807845;0,005968446;0,001126896;0,553250111;0,986707908;CALI
64840;993,808;391,2499005;212,0103957;1,845427906;0,840456033;65580;287,3270821;0,769522905;0,988716072;0,824988497;0,734382505;0,006034082;0,001082631;0,539317664;0,995271867;CALI
65019;985,505;384,2500817;217,5845569;1,765980487;0,824228275;66378;287,7234123;0,780380955;0,979526349;0,841264351;0,748792065;0,005909812;0,001146036;0,560689557;0,990166817;CALI
65488;984,521;384,4974309;218,9054779;1,75645413;0,822109888;66604;288,7592619;0,790860566;0,98324425;0,849027238;0,751004399;0,005871265;0,001152077;0,564007607;0,990653491;CALI
65635;978,997;371,9755563;225,3596423;1,65058638;0,795582474;66337;289,0831671;0,797635106;0,98941767;0,860562925;0,777156354;0,005667335;0,001275241;0,603971999;0,996907955;CALI
66144;980,922;369,5828203;228,7993346;1,615314227;0,785332189;66817;290,2019236;0,794427096;0,989927713;0,863836139;0,785214863;0,005587549;0,001310253;0,616562381;0,995941986;CALI
66358;981,292;376,3855561;226,5694504;1,661237009;0,798525438;67547;290,6709991;0,68608354;0,982397442;0,865977555;0,772269271;0,005672045;0,001244499;0,596399827;0,990761465;CALI
66494;974,808;380,0148486;224,623616;1,691784931;0,806604379;67416;290,9687102;0,763246097;0,986323721;0,879334583;0,765677213;0,005715025;0,00121166;0,586261594;0,991828531;CALI
66505;1006,768;397,1233799;214,1131347;1,85473619;0,842203207;67219;290,9927764;0,755463922;0,989378003;0,8245279;0,732751561;0,005971331;0,001061886;0,53692485;0,995853951;CALI
66792;987,871;379,9628079;227,0415426;1,673538699;0,801841916;68160;291,619985;0,77413971;0,979929577;0,860070079;0,767496131;0,005688747;0,00121759;0,589050311;0,985798492;CALI
66832;1016,277;396,1902317;217,0426707;1,825402491;0,836593355;67791;291,7072938;0,764126135;0,985853579;0,813148992;0,736280883;0,005928152;0,001074665;0,542109539;0,989568103;CALI
66873;1002,723;381,9451177;225,9835719;1,690145503;0,806183903;69064;291,7967582;0,775078524;0,968275802;0,835792976;0,76397562;0,0057115;0,001200184;0,583658748;0,986468209;CALI
66874;1024,488;408,2395189;209,5480011;1,948190948;0,858211215;67877;291,7989399;0,80164467;0,985223272;0,800669736;0,714773868;0,006104607;0,000982906;0,510901682;0,995334032;CALI
66942;1014,517;394,2578999;218,2104914;1,80677793;0,832868149;67661;291,9472583;0,715536316;0,989373494;0,817315791;0,740498182;0,005889545;0,001092339;0,548337558;0,990724198;CALI
67055;1011,117;396,7678305;217,68541;1,822666161;0,836054222;68471;292,193562;0,797362538;0,979319712;0,82421062;0,736434609;0,005917051;0,001073549;0,542335933;0,988497353;CALI
67407;990,057;386,6966178;223,5914566;1,729478504;0,815888703;68200;292,9594818;0,743022487;0,988372434;0,864160608;0,757595149;0,005736743;0,001165719;0,57395041;0,992634896;CALI
67593;992,946;392,317798;222,2408038;1,765282483;0,824074406;68881;293,3633933;0,724376286;0,981301084;0,861510004;0,74776978;0,005804119;0,001119406;0,559159643;0,987074724;CALI
67666;982,672;379,873759;228,4246769;1,663015415;0,799010301;68581;293,5217659;0,769237765;0,986658112;0,880568621;0,772682395;0,005613953;0,001234391;0,597038083;0,992883536;CALI
67976;995,582;382,4644112;229,656314;1,665377296;0,79965139;69399;294,193357;0,725123741;0,979495382;0,861809738;0,769204528;0,005626462;0,001215017;0,591675606;0,985363121;CALI
68033;1005,269;384,9832288;226,3186333;1,70106731;0,808958166;68739;294,3166763;0,66589343;0,989729266;0,845989369;0,764492202;0,005658772;0,001192324;0,584448327;0,994185943;CALI
68100;1014,884;384,1957345;227,0617879;1,692031663;0,806667535;69047;294,4615645;0,72262309;0,986284705;0,830852947;0,766436319;0,005641641;0,001200852;0,587424631;0,993941075;CALI
68352;1003,918;399,5254213;219,8800951;1,817014956;0,834931945;69077;295,0058802;0,783000172;0,989504466;0,852245288;0,738390762;0,005845117;0,00107181;0,545220917;0,990674561;CALI
68394;992,182;377,7808445;232,6215928;1,624014521;0,787935299;69082;295,0965019;0,729536;0,990040821;0,87306219;0,781131458;0,005523596;0,001268523;0,610166355;0,99091902;CALI
68496;991,032;385,057987;228,0131804;1,688753195;0,805825673;69171;295,3164673;0,777709653;0,990241575;0,876394652;0,766940246;0,005621613;0,001199739;0,588197341;0,993320139;CALI
68511;1014,54;393,7455185;223,5987805;1,760946628;0,823113853;69282;295,3488013;0,81370849;0,988871568;0,836434276;0,750100731;0,005747187;0,001122312;0,562651107;0,990798569;CALI
68562;984,765;384,871051;229,5108679;1,676918633;0,802738013;69637;295,4587106;0,788522139;0,984562804;0,888440059;0,767682344;0,005613475;0,001202646;0,589336181;0,988268824;CALI
68566;1008,527;377,992253;234,0837482;1,614773584;0,785168752;69879;295,4673292;0,749109582;0,981210378;0,847117433;0,781675621;0,005512823;0,00126958;0,611016777;0,986653751;CALI
68602;1028,917;393,7589285;223,1578972;1,764485745;0,823898513;69599;295,5448853;0,664876914;0,985675082;0,814302852;0,750573165;0,005739759;0,001123687;0,563360076;0,994040824;CALI
68752;1025,143;403,6652478;218,4574089;1,847798387;0,840903827;69504;295,8678171;0,798059177;0,989180479;0,822103125;0,732953403;0,005871324;0,001045253;0,537220691;0,992675527;CALI
68934;1013,374;400,5776187;221,3945774;1,809337986;0,833388027;70217;296,2591683;0,82252291;0,981728072;0,843536402;0,739579933;0,005811031;0,001072441;0,546978477;0,989668935;CALI
68988;1015,946;384,3988557;230,8984362;1,664796271;0,799493982;70406;296,375184;0,767300634;0,979859671;0,839928213;0,771009538;0,005571967;0,001214583;0,594455707;0,989647645;CALI
69034;990,33;386,0383345;229,1118279;1,684934113;0,804837664;69937;296,4739765;0,761544402;0,98708838;0,884530946;0,767991026;0,005592003;0,001199974;0,589810216;0,993791352;CALI
69144;997,499;383,3073234;231,6006247;1,655035792;0,796820163;70302;296,7100859;0,744508571;0,983528207;0,873251672;0,774078834;0,005543609;0,001227759;0,599198041;0,991694205;CALI
69189;1010,92;394,55423;225,4710506;1,749910816;0,820631527;70236;296,806622;0,790261787;0,985093115;0,850772298;0,752258117;0,005702557;0,001126463;0,565892274;0,990261011;CALI
69221;1034,794;420,1858938;212,6011487;1,976404626;0,862551506;70186;296,8752508;0,803960511;0,986250819;0,81234391;0,706533121;0,006070208;0,000933068;0,49918905;0,986599549;CALI
69371;996,596;380,2824066;234,1764383;1,623914043;0,787905523;70667;297,196737;0,808143057;0,981660464;0,877706955;0,781515873;0,005481864;0,001261419;0,61076706;0,991833205;CALI
69518;1013,957;393,94202;228,4296567;1,724566003;0,814718959;71385;297,5114564;0,748084539;0,973846046;0,849704773;0,755216355;0,005666763;0,001137104;0,570351743;0,983609225;CALI
69589;994,969;376,5211208;237,2792032;1,586827314;0,776442343;70481;297,6633445;0,758397088;0,987344107;0,883347044;0,790562144;0,005410641;0,001303685;0,624988504;0,991748829;CALI
69600;1009,582;396,9247148;225,5600601;1,759729602;0,822842757;70818;297,6868696;0,740488552;0,982800983;0,858096056;0,749983205;0,005702941;0,001112973;0,562474807;0,989803568;CALI
69648;1038,597;400,3222294;224,724079;1,78139446;0,827573088;71221;297,7895025;0,780710899;0,977913818;0,811380164;0,743874511;0,005747792;0,001085624;0,553349288;0,985733356;CALI
69655;1015,666;394,0279856;226,1441707;1,74237516;0,818904916;70262;297,8044669;0,788023803;0,991360906;0,848516578;0,755795217;0,005656851;0,0011386;0,57122641;0,995290708;CALI
69693;1028,815;401,549167;223,9066604;1,793377501;0,830105017;71239;297,8856888;0,815981735;0,978298404;0,827417017;0,741841132;0,005761686;0,001076398;0,550328266;0,98694633;CALI
69756;1023,746;404,0026819;223,4443692;1,808068305;0,833130506;70822;298,0202974;0,77560097;0,98494818;0,836386467;0,737669107;0,005791655;0,001057862;0,544155711;0,983870694;CALI
69900;1013,617;397,2660549;225,9760098;1,758001016;0,822456587;70844;298,3277462;0,668669167;0,986674948;0,854947149;0,75095202;0,005683348;0,001114892;0,563928936;0,991387642;CALI
69978;1019,805;395,8064047;227,254477;1,74168804;0,818746181;70905;298,4941488;0,709104727;0,986926169;0,84554576;0,754141786;0,005656155;0,00112853;0,568729833;0,990549948;CALI
70037;1019,075;382,3720768;236,2449618;1,618540662;0,786303437;71309;298,6199558;0,70392482;0,982162139;0,847471504;0,780966953;0,005459572;0,001252763;0,609909382;0,987163135;CALI
70057;1009,313;384,7634657;233,6409592;1,646815126;0,794524037;70989;298,6625902;0,785559704;0,986871205;0,864190854;0,77622388;0,005492149;0,001229901;0,602523512;0,992244833;CALI
70090;1026,526;393,1827706;227,4275671;1,728826349;0,815734085;70820;298,7329237;0,74148127;0,989692177;0,835845515;0,759781318;0,005609684;0,001153115;0,577267651;0,997995526;CALI
70188;1041,532;403,257678;224,9807702;1,792409537;0,829902661;71768;298,9416953;0,799589884;0,977984617;0,813069174;0,741316809;0,005745393;0,001070323;0,549550612;0,985019758;CALI
70235;1038,267;416,5836291;216,2968656;1,925980887;0,854643081;71314;299,0417687;0,793293124;0,984869731;0,818738757;0,717843304;0,005931283;0,000971509;0,515299009;0,992456043;CALI
70263;1021,678;392,8862427;231,126409;1,69987603;0,808658622;71785;299,101371;0,748179146;0,978797799;0,845879441;0,761292554;0,005591652;0,001158581;0,579566352;0,98519095;CALI
70331;1037,407;403,1301199;224,9070412;1,792429964;0,829906935;71883;299,24607;0,791552244;0,97840936;0,821217713;0,742306405;0,005731898;0,001073522;0,551018799;0,987662606;CALI
70419;1051,305;409,8035123;220,3053173;1,860161694;0,843207858;71179;299,4332238;0,688451988;0,989322693;0,80064917;0,730675103;0,005819502;0,001023205;0,533886107;0,993114485;CALI
70448;1027,708;396,9221507;227,4069284;1,745426815;0,819607262;71325;299,4948738;0,764741641;0,987704171;0,838183404;0,754543109;0,005634257;0,001126556;0,569335304;0,993733106;CALI
70563;1014,222;393,4801157;229,3722556;1,715465171;0,812520752;71437;299,7392233;0,717351524;0,987765444;0,862026957;0,761764601;0,005576295;0,001158267;0,580285307;0,995459234;CALI
70586;1012,847;382,0235892;236,528212;1,615129062;0,785276235;71626;299,7880693;0,738455422;0,985480133;0,864650792;0,784737063;0,005412172;0,001266042;0,615812258;0,994616274;CALI
70724;1029,749;394,0018235;229,948757;1,713433152;0,812024329;71394;300,0809783;0,73887879;0,990615458;0,838134894;0,761623324;0,005570978;0,001156304;0,580070087;0,993911318;CALI
70731;1016,071;381,866283;238,37611;1,601948631;0,781232836;72273;300,0958284;0,823986486;0,978664231;0,860937351;0,785866262;0,005398853;0,001270211;0,617585782;0,989340697;CALI
70754;1027,569;409,3725229;221,4679481;1,848450425;0,841026657;71552;300,1446164;0,800022614;0,988847272;0,842051926;0,733182125;0,005785857;0,001031324;0,537556029;0,99364567;CALI
70873;1041,884;406,9148243;225,2563867;1,806451885;0,832801757;72616;300,3969145;0,703447112;0,975997025;0,820449667;0,738230452;0,005741465;0,00105189;0,5449842;0,984487735;CALI
70912;1012,143;371,718651;244,6784034;1,519213162;0,7528121;71891;300,4795544;0,761880204;0,986382162;0,869852962;0,808352106;0,005241971;0,001380628;0,653433127;0,992704207;CALI
70949;1003,932;390,1790758;232,7455746;1,676418881;0,802605922;71510;300,5579353;0,823227049;0,992154943;0,884601248;0,770307671;0,00549943;0,001194413;0,593373908;0,994743224;CALI
71041;1004,677;385,0415084;236,6119668;1,627312066;0,78890881;71806;300,7527398;0,776404372;0,989346294;0,884435182;0,781091735;0,00541999;0,001244476;0,610104298;0,992830086;CALI
71054;1038,906;399,2912621;231,6237724;1,72387859;0,814554342;73328;300,7802564;0,77999034;0,968988654;0,827267355;0,753285346;0,005619547;0,001116141;0,567438812;0,978195619;CALI
71156;1023,316;388,469527;234,1431002;1,659111572;0,797943527;71773;300,9960682;0,777814215;0,991403453;0,85388987;0,77482543;0,005459406;0,001213782;0,600354446;0,996055009;CALI
71176;1008,893;386,8971528;236,9260366;1,632987064;0,790567644;72118;301,0383661;0,823386509;0,986938074;0,878725489;0,778083695;0,005435781;0,001228986;0,605414236;0,988633615;CALI
71194;1045,404;402,7038224;228,8228748;1,759893204;0,822879238;72636;301,0764291;0,808728644;0,980147585;0,818624887;0,747637376;0,005656429;0,00109015;0,558961646;0,983712802;CALI
71197;1042,332;408,8520872;223,3958508;1,830168671;0,837525835;72056;301,0827725;0,718160544;0,988078717;0,823492061;0,736410017;0,005742547;0,001041749;0,542299713;0,992499945;CALI
71279;1047,026;418,5897609;218,7153973;1,913855934;0,852635995;72060;301,2561062;0,772362305;0,98916181;0,817064854;0,719692965;0,005872554;0,000971842;0,517957964;0,991296923;CALI
71492;1045,688;403,9154676;228,2627449;1,769519891;0,825005266;73300;301,7058858;0,73874451;0,975334243;0,821604979;0,746953038;0,0056498;0,001084891;0,557938842;0,987283879;CALI
71538;1047,25;413,0462106;223,8632581;1,845082637;0,840390646;73301;301,8029333;0,787412495;0,975948486;0,819682985;0,730675952;0,005773801;0,001015175;0,533887347;0,985066275;CALI
71764;1021,427;396,2894506;232,0263361;1,707950301;0,810674479;72598;302,2792793;0,705227987;0,98851208;0,864374277;0,762773975;0,00552212;0,001153106;0,581824136;0,993726708;CALI
71778;1026,734;400,300318;231,3022087;1,730637681;0,816163028;73394;302,3087628;0,778047564;0,977981851;0,855628673;0,755204903;0,005576922;0,001119009;0,570334445;0,987042282;CALI
71782;1024,023;401,4478656;230,8044774;1,739341759;0,818202502;73091;302,3171861;0,749681462;0,982090818;0,860212989;0,753067115;0,005592598;0,001109502;0,56711008;0,986398244;CALI
71826;1033,615;399,2830779;230,5615234;1,731785391;0,816434005;72664;302,4098271;0,737743814;0,988467467;0,844838971;0,757382028;0,005559033;0,001128337;0,573627536;0,993399786;CALI
71968;1016,094;387,0887561;238,2321232;1,624838628;0,788179263;72580;302,7086116;0,834798747;0,991567925;0,875954452;0,782013445;0,005378623;0,001240817;0,611545028;0,993661984;CALI
71970;1040,987;390,9669663;236,0461934;1,656315489;0,797173936;73124;302,7128178;0,780128775;0,984218588;0,834585346;0,774266994;0,00543236;0,001204291;0,599489378;0,992943543;CALI
72036;1058,429;417,1161631;220,9535069;1,887800601;0,848174475;72767;302,8515872;0,792824125;0,989954237;0,808045828;0,726060541;0,005790385;0,00099261;0,52716391;0,995180345;CALI
72114;1045,819;420,2636617;221,4410505;1,897857966;0,849921197;73362;303,0155054;0,814773806;0,982988468;0,82854556;0,721012862;0,005827768;0,000971525;0,519859547;0,986619582;CALI
72182;1024,349;393,577237;233,8967551;1,68269644;0,804255074;72828;303,1583362;0,79781155;0,991129785;0,864455973;0,770263897;0,005452568;0,001183965;0,59330647;0,998354685;CALI
72249;1022,963;390,621169;236,5468327;1,651348126;0,795795215;73146;303,2990008;0,757787754;0,987736855;0,867604614;0,776453057;0,005406596;0,001212173;0,60287935;0,995563685;CALI
72318;1038,352;399,2766927;232,7000454;1,71584278;0,812612775;73244;303,4437961;0,752246817;0,987357326;0,842882551;0,759983745;0,005521125;0,001136121;0,577575292;0,991028395;CALI
72372;1056,51;412,9624615;225,8448645;1,8285227;0,83720475;73044;303,557066;0,78874406;0,990800066;0,814766594;0,735071815;0,005706108;0,001027635;0,540330573;0,988006718;CALI
72431;1010,003;378,8942069;244,5432033;1,549395778;0,763833887;73434;303,6807756;0,77781596;0,986341477;0,892255056;0,801492264;0,005231106;0,00133159;0,642389849;0,99531612;CALI
72464;1020,117;385,2464013;241,9811373;1,59205137;0,778116134;73680;303,7499471;0,797561002;0,9834962;0,875048646;0,788456287;0,005316383;0,001267379;0,621663316;0,989719935;CALI
72477;1038,598;388,0337684;240,6997532;1,612107047;0,784359749;73544;303,7771922;0,808173506;0,985491678;0,844335615;0,782862774;0,005353888;0,001240485;0,612874122;0,988018692;CALI
72503;1048,874;409,7482505;229,4829452;1,785528115;0,828453137;74347;303,831675;0,697915965;0,975197385;0,82816944;0,741508169;0,005651466;0,001053913;0,549834365;0,981744717;CALI
72568;1033,053;402,0006704;232,2303312;1,731042919;0,816258777;73798;303,9678392;0,768029126;0,983332882;0,854495562;0,756137642;0,005539641;0,00111703;0,571744134;0,989713635;CALI
72624;1060,242;425,2045833;218,7976875;1,943368727;0,857448142;73654;304,0851011;0,779110434;0,986015695;0,8118579;0,715150102;0,005854877;0,000944684;0,511439668;0,993915857;CALI
72707;1017,465;385,5659854;241,5449444;1,596249453;0,779446739;73595;304,2588168;0,721070692;0,987933963;0,882565876;0,789122558;0,005303011;0,00126847;0,622714412;0,994007539;CALI
73076;1043,319;407,1067509;230,3264754;1,76752043;0,824566996;73830;305,0299214;0,665646463;0,989787349;0,843626859;0,749262744;0,005571005;0,001083053;0,56139466;0,992276531;CALI
73178;1033,997;398,3001474;235,9828981;1,687834799;0,805588803;73969;305,2427287;0,735161744;0,989306331;0,860105733;0,766363585;0,005442895;0,001158108;0,587313144;0,991287562;CALI
73236;1060,551;409,7792191;231,1191147;1,773021758;0,825768729;74642;305,3636706;0,721871211;0,98116342;0,818222399;0,745190718;0,005595325;0,001064326;0,555309206;0,984575305;CALI
73343;1038,02;400,9585686;233,8357477;1,714701762;0,812334493;73970;305,5866619;0,803230752;0,991523591;0,855376061;0,762140245;0,005466896;0,001137785;0,580857754;0,995997814;CALI
73431;1036,849;387,1660049;243,139603;1,592360932;0,778214689;74546;305,7699348;0,703281232;0,985042792;0,858337882;0,789764419;0,005272514;0,001265283;0,623727837;0,99319984;CALI
73494;1035,962;398,3829604;237,2574441;1,6791168;0,803317363;74785;305,901074;0,793097867;0,98273718;0,860546016;0,767856822;0,005420619;0,001162384;0,5896041;0,990014149;CALI
73497;1024,659;389,1361329;242,5953309;1,604054503;0,781886973;74507;305,9073174;0,755504615;0,986444227;0,879671979;0,786119025;0,005294585;0,001247283;0,617983122;0,991278609;CALI
73503;1019,705;390,0110517;241,5851849;1,614383149;0,7850506;74243;305,9198036;0,731227616;0,99003273;0,888312619;0,784387525;0,005306056;0,001239009;0,61526379;0,993271495;CALI
73629;1057,375;405,4258689;234,5251698;1,728709414;0,81570634;75311;306,1818976;0,688623483;0,977665945;0,827562285;0,75521056;0,005506334;0,001104879;0,570342991;0,985957297;CALI
73720;1050,731;397,3946579;237,5145773;1,673137971;0,801735246;74893;306,3710483;0,777071541;0,984337655;0,839096867;0,770949086;0,005390595;0,001174679;0,594362493;0,994450456;CALI
73874;1035,476;403,2854111;234,6111253;1,718952631;0,81336794;74671;306,6908837;0,777293771;0,989326512;0,865807621;0,760480978;0,005459098;0,0011263;0,578331317;0,99412414;CALI
73884;1092,59;433,076159;220,1362151;1,967309917;0,861175157;75689;306,7116407;0,632936984;0,976152413;0,777760389;0,708216406;0,005861569;0,000909615;0,501570477;0,986744574;CALI
73969;1050,21;417,0042341;227,8170497;1,830434705;0,837577639;74638;306,8880185;0,814654508;0,991036737;0,842766595;0,735935018;0,005637554;0,001020066;0,541600351;0,991364078;CALI
74051;1073,004;411,8746352;232,9696229;1,767932789;0,824657523;76140;307,0580752;0,735041293;0,972563698;0,80823585;0,745513438;0,00556204;0,001059829;0,555790286;0,98259987;CALI
74267;1049,271;408,7938996;232,7689244;1,756221973;0,822057763;75168;307,5055792;0,739070726;0,988013516;0,847677011;0,752226439;0,005504381;0,001087133;0,565844615;0,993748746;CALI
74363;1060,382;406,0462531;234,6359025;1,730537607;0,81613937;75179;307,704261;0,802787404;0,989145905;0,831078548;0,757805936;0,005460326;0,001110786;0,574269837;0,993795549;CALI
74445;1041,674;399,2665302;239,4524883;1,667414413;0,80020173;75261;307,8738669;0,820981936;0,989157731;0,86214785;0,771098611;0,005363242;0,001169625;0,594593068;0,991433051;CALI
74463;1056,402;410,4178411;232,7650657;1,763227828;0,823620246;75258;307,9110849;0,806863372;0,989436339;0,838478563;0,75023806;0,005511702;0,001077114;0,562857147;0,992445384;CALI
74591;1081,147;407,1534413;236,7925695;1,719451932;0,813488739;76122;308,1756169;0,7604498;0,979887549;0,801912159;0,756902891;0,005458479;0,001105127;0,572901987;0,985077429;CALI
74640;1056,189;407,1566372;235,0869904;1,731940319;0,816470536;75626;308,276823;0,809281145;0,986962156;0,840810671;0,757145518;0,005454939;0,001105827;0,573269336;0,992868276;CALI
74641;1042,506;405,223265;236,598854;1,712701724;0,811845133;75839;308,2788881;0,798043409;0,984203378;0,863038534;0,760763053;0,005428964;0,001121745;0,578760422;0,991243973;CALI
74722;1065,27;410,8183629;234,1510759;1,754501282;0,821670681;76147;308,446114;0,771435356;0,981286196;0,827444662;0,750808975;0,005497957;0,001077703;0,563714117;0,989037141;CALI
74810;1036,905;399,9959289;239,3258913;1,671344152;0,801256637;75543;308,6276889;0,795766408;0,990296917;0,874362617;0,771577075;0,005346824;0,001168942;0,595331183;0,995003291;CALI
74929;1062,433;423,1975311;227,1826895;1,862807118;0,843694106;75651;308,8730578;0,678508041;0,990456174;0,834174092;0,729855529;0,005647981;0,0009886;0,532689093;0,992297034;CALI
74942;1056,788;413,2025059;234,2531319;1,763914542;0,823772241;76553;308,899851;0,776762023;0,978955756;0,843255916;0,74757497;0,005513631;0,001062274;0,558868336;0,985795985;CALI
74967;1059,749;414,6293764;232,1867915;1,78575781;0,828501833;75687;308,9513699;0,633284901;0,990487138;0,838830021;0,745126582;0,005530825;0,001051695;0,555213623;0,991477063;CALI
74978;1074,979;419,5015931;231,7543409;1,810113206;0,833544955;76785;308,9740355;0,79124103;0,976466758;0,815349398;0,736526489;0,005594996;0,001015624;0,542471269;0,981934408;CALI
75105;1036,857;403,7932063;238,2844373;1,694584887;0,807319181;76074;309,2355995;0,749311597;0,987262402;0,877891788;0,765826653;0,005376382;0,001140754;0,586490462;0,993857873;CALI
75282;1052,661;400,1623504;241,6640008;1,655862475;0,797048812;76676;309,5997729;0,748717031;0,981819605;0,853736691;0,773685412;0,005315512;0,00117485;0,598589117;0,991181256;CALI
75608;1063,245;419,5405317;232,3875767;1,805348365;0,832576739;76934;310,2693918;0,748586648;0,982764447;0,840448132;0,73954569;0,005548891;0,001023873;0,546927827;0,987395258;CALI
75771;1052,188;408,7137722;237,788042;1,7188155;0,813334742;76685;310,6036599;0,797908637;0,988081111;0,860054939;0,759953985;0,005394066;0,001109801;0,577530059;0,992667617;CALI
75806;1051,147;404,4348241;240,6036419;1,6809173;0,803789902;76774;310,6753884;0,742861063;0,987391565;0,86215735;0,768171705;0,005335129;0,00114593;0,590087768;0,991888738;CALI
75810;1043,229;393,0424863;247,1105818;1,590553037;0,777638121;76802;310,6835848;0,80557238;0,98708367;0,875340572;0,790458018;0,005184573;0,001248556;0,624823879;0,993815518;CALI
75914;1048,995;415,8197526;233,5319691;1,780568863;0,827396472;76477;310,8966175;0,814501679;0,99263831;0,866931739;0,747671595;0,005477511;0,00105586;0,559012813;0,99536081;CALI
75936;1079,901;420,4081586;232,4118036;1,808893318;0,833297909;77128;310,9416634;0,765599637;0,984545172;0,818256933;0,739618528;0,005536348;0,001021961;0,547035567;0,989528982;CALI
76005;1051,428;416,8825077;233,7158447;1,783715213;0,828068041;76662;311,0829015;0,794399849;0,991429913;0,863958637;0,746212412;0,005484935;0,001049062;0,556832963;0,993231428;CALI
76081;1055,587;411,2516436;236,7630047;1,736975944;0,817651697;76772;311,2383938;0,814868367;0,990999323;0,858021184;0,756807659;0,005405445;0,001093839;0,572757833;0,994866578;CALI
76093;1064,213;419,9117262;233,4564102;1,798672933;0,831205403;77371;311,2629382;0,803007598;0,983482183;0,844301287;0,741258028;0,005518402;0,00102771;0,549463464;0,988305061;CALI
76106;1067,897;424,8176138;229,6271897;1,850031847;0,841323947;76853;311,2895257;0,681953405;0,990280145;0,838629293;0,732760403;0,00558192;0,000992685;0,536937808;0,993352044;CALI
76278;1083,778;433,5725897;225,4395882;1,923231821;0,854191755;76973;311,6410852;0,821359349;0,99097086;0,816072042;0,718774878;0,005684111;0,000935866;0,516637325;0,993613343;CALI
76415;1079,065;421,8737338;232,9591082;1,810934704;0,833710998;77948;311,920823;0,761416515;0,980333043;0,824694824;0,739370096;0,005520824;0,001017727;0,546668139;0,989980304;CALI
76482;1065,662;418,2855863;235,4400067;1,776612192;0,826546092;77846;312,0575377;0,743482065;0,982478226;0,846311302;0,746039424;0,005469072;0,001045058;0,556574822;0,988817614;CALI
76659;1082,968;413,4607091;236,6985344;1,746781872;0,81991776;77624;312,4184218;0,767564807;0,987568278;0,82137554;0,755618164;0,005393505;0,001084577;0,570958809;0,997340498;CALI
76682;1047,949;400,5993106;245,2582862;1,633377273;0,790680942;77378;312,4652857;0,734431568;0,991005195;0,877451257;0,779994567;0,005224164;0,001192787;0,608391524;0,993732888;CALI
76890;1076,649;416,7493916;237,3246921;1,756030474;0,822014749;78603;312,8887799;0,792337338;0,978206939;0,83354959;0,750784011;0,005420073;0,001062295;0,563676632;0,989833343;CALI
76913;1063,744;412,4984023;238,3707566;1,730490804;0,816128304;77552;312,9355734;0,741473055;0,991760367;0,854152406;0,758634631;0,005363182;0,001095804;0,575526504;0,995943323;CALI
76929;1067,562;409,4213271;242,2546352;1,690045381;0,806158177;78701;312,9681213;0,760679112;0,977484403;0,848230214;0,764415776;0,005322067;0,001120931;0,584331478;0,987546715;CALI
76932;1049,061;410,2193065;239,7367078;1,711124301;0,811457756;77480;312,9742236;0,814353763;0,992927207;0,878446674;0,762943671;0,005332232;0,001114445;0,582083045;0,996016443;CALI
77043;1083,127;409,9881519;242,6333065;1,689743909;0,806080683;78995;313,199927;0,76544694;0,975289575;0,82524763;0,763924337;0,00532155;0,001117942;0,583580392;0,986101413;CALI
77062;1073,309;421,4446574;234,3819018;1,798110921;0,831089148;77975;313,2385446;0,778828856;0,988291119;0,840621702;0,743249532;0,005468904;0,001029482;0,552419868;0,993312197;CALI
77260;1056,803;401,5416968;246,4067866;1,629588626;0,789576762;77980;313,6406977;0,803460934;0,990766863;0,869313638;0,78109123;0,005197278;0,001193336;0,610103509;0,994217739;CALI
77285;1062,163;419,576865;236,7517871;1,772222589;0,825594958;78200;313,6914379;0,787337001;0,988299233;0,860840592;0,747637594;0,005428956;0,001046311;0,558961972;0,990605033;CALI
77402;1066,856;404,6549222;245,6865747;1,647037176;0,794586598;78556;313,9287933;0,687565512;0,985309843;0,854575502;0,775793833;0,005227965;0,001168148;0,601856072;0,991279325;CALI
77868;1085,675;432,6775688;233,0294346;1,856750713;0,842577408;79631;314,8723819;0,759347025;0,977860381;0,830174156;0,727729849;0,005556552;0,000961315;0,529590733;0,983317972;CALI
78049;1073,178;423,5094164;236,1329505;1,793521046;0,830134993;78635;315,2381215;0,768395456;0,992547848;0,851596141;0,744347373;0,005426199;0,001027491;0,554053012;0,993705737;CALI
78169;1084,094;415,9525078;242,2635876;1,716941914;0,812880227;79666;315,480367;0,741331892;0,981209048;0,835815727;0,758452855;0,005321195;0,001086184;0,575250733;0,987672094;CALI
78575;1085,348;413,4274252;243,2858926;1,699348124;0,808525645;79341;316,2985887;0,811172135;0,990345471;0,838216553;0,765064361;0,005261564;0,001111953;0,585323476;0,994668351;CALI
78602;1070,319;408,2722779;248,8812726;1,640429887;0,792712018;80518;316,3529274;0,74645774;0,976204079;0,862217813;0,774857723;0,005194172;0,001155005;0,60040449;0,98492147;CALI
78718;1091,648;432,7091824;234,3992755;1,846034641;0,840570835;79995;316,5862765;0,674793194;0,984036502;0,830077551;0,731637528;0,005496953;0,000971596;0,535293472;0,988170293;CALI
78720;1086,768;429,9180172;237,3677806;1,811189438;0,833762433;80443;316,5902983;0,752725186;0,978581107;0,837570293;0,736396907;0,005461357;0,000990668;0,542280405;0,982172542;CALI
78807;1088,885;426,7867861;237,6889709;1,79556832;0,830561625;80316;316,7651951;0,711999928;0,981211714;0,835238739;0,742209472;0,005415595;0,001013752;0,5508749;0,989133519;CALI
78838;1101,545;439,5987706;230,806897;1,904617134;0,85107761;79863;316,8274913;0,754921863;0,987165521;0,816471398;0,720719694;0,005575976;0,000928039;0,519436877;0,989328376;CALI
78844;1086,074;411,1303725;246,7518536;1,666169338;0,79986565;80130;316,8395472;0,680463976;0,983951079;0,839962078;0,770654684;0,005214479;0,001134567;0,593908642;0,989552368;CALI
78948;1073,958;420,8503424;240,7090663;1,748377611;0,820282333;79816;317,0484436;0,721546406;0,989124987;0,860154373;0,753351992;0,005330728;0,001059151;0,567539223;0,992272871;CALI
78951;1107,357;432,4657715;236,1056935;1,831661766;0,837816244;80711;317,0544674;0,742034625;0,978193803;0,809081346;0,733131934;0,005477648;0,000976118;0,537482432;0,984486021;CALI
79004;1056,779;407,1900739;248,1510629;1,64089595;0,792845135;79534;317,1608693;0,808754581;0,993336183;0,888977144;0,778901279;0,005154044;0,001170193;0,606687202;0,995510572;CALI
79031;1088,647;439,2246402;232,9526203;1,885467696;0,847764786;80928;317,2150603;0,708721931;0,976559411;0,837979088;0,722215994;0,005557625;0,00093269;0,521595943;0,9834523;CALI
79261;1080,206;419,318705;243,2069564;1,72412299;0,814612896;80793;317,6763125;0,827808414;0,981037961;0,853603606;0,757601101;0,005290353;0,001075045;0,573959428;0,989576646;CALI
79295;1067,768;409,3083968;248,0439422;1,650144701;0,79545896;80278;317,7444409;0,81068785;0,987755051;0,873980745;0,776295926;0,005161844;0,001156362;0,602635365;0,994435553;CALI
79319;1078,159;420,1419992;242,0722468;1,735605815;0,817331505;80092;317,7925226;0,73840067;0,990348599;0,857475005;0,756393132;0,005296865;0,00106952;0,57213057;0,992993144;CALI
79463;1068,778;412,6149753;246,9726133;1,670691214;0,801081973;80593;318,0808607;0,814170082;0,985978931;0,874177874;0,770890248;0,005192542;0,001131176;0,594271775;0,992844633;CALI
79501;1079,209;424,2389352;241,8912688;1,753841456;0,821521897;80911;318,1569063;0,770179416;0,982573445;0,857770959;0,749947447;0,005336272;0,001041216;0,562421173;0,986397569;CALI
79501;1086,552;418,2282897;243,725601;1,715980135;0,81264623;80789;318,1569063;0,733404059;0,984057236;0,846216374;0,760725456;0,005260667;0,001086757;0,578703219;0,993043228;CALI
79603;1099,178;429,9287571;237,4799943;1,810378842;0,833598674;80366;318,360939;0,765825829;0,990505935;0,827948349;0,740496963;0,005400911;0,001001705;0,548335753;0,992695445;CALI
79609;1075,371;413,3334934;247,9590321;1,666942679;0,800074501;80885;318,3729368;0,724877987;0,984224516;0,865078247;0,770256807;0,005192045;0,001127354;0,593295549;0,988989672;CALI
79634;1074,55;415,756149;245,7389034;1,691861334;0,806623939;80475;318,422923;0,782982322;0,98954955;0,866672742;0,765888668;0,005220837;0,001108109;0,586585451;0,992421244;CALI
79702;1118,025;432,0343948;240,9668005;1,792920825;0,830009594;82207;318,5588457;0,788441754;0,969528142;0,801264781;0,73734603;0,005420622;0,000988358;0,543679168;0,974773702;CALI
80009;1108,48;433,9133189;236,9684259;1,831101833;0,837707431;81004;319,1717762;0,657644254;0,987716656;0,81826313;0,735565751;0,005423306;0,000979332;0,541056974;0,990730416;CALI
80259;1093,858;430,8463441;239,1631131;1,801474895;0,831783143;81078;319,6700371;0,676400688;0,989898616;0,842910985;0,741958337;0,0053682;0,001003521;0,550502174;0,991715847;CALI
80371;1097,029;432,0958796;238,5565292;1,811293453;0,833783428;81474;319,8930063;0,785133736;0,986461939;0,839214578;0,740328759;0,005376266;0,000996229;0,548086671;0,992745799;CALI
80519;1089,001;425,8948727;242,1813848;1,758578072;0,822585649;81383;320,1874059;0,794613692;0,989383532;0,853201636;0,751799156;0,005289371;0,001042296;0,565201971;0,993951793;CALI
80856;1106,265;432,7253831;239,6112184;1,805947927;0,832699054;81929;320,8567541;0,736541019;0,986903294;0,830240227;0,74147893;0,005351803;0,000997873;0,549791004;0,992893923;CALI
80862;1102,815;426,127665;244,8878291;1,740093277;0,818376922;82724;320,8686586;0,784633746;0,977491417;0,835504924;0,752987156;0,005269814;0,001045022;0,566989657;0,986614891;CALI
81059;1095,035;428,1097552;242,5730438;1,764869453;0,823983257;81937;321,2592789;0,778844306;0,98928445;0,849483807;0,750413358;0,005281459;0,001033085;0,563120207;0,993833652;CALI
81511;1102,379;426,7298799;244,238197;1,747187316;0,8200105;82369;322,1537343;0,773202428;0,98958346;0,842877037;0,754935967;0,005235243;0,001048955;0,569928314;0,99577152;CALI
81641;1118,031;433,6838381;242,0949338;1,791379238;0,829686859;83249;322,4105297;0,673739024;0,980684453;0,820749239;0,743422976;0,005312084;0,001000895;0,552677722;0,990055396;CALI
81666;1105,021;440,4452614;239,5092587;1,83894879;0,839222019;83062;322,45989;0,77518747;0,983193277;0,840446524;0,732122509;0,005393251;0,000955797;0,536003369;0,985682746;CALI
81676;1102,785;427,1439931;245,5083275;1,739835049;0,81831702;83192;322,479632;0,752579979;0,981777094;0,843961478;0,75496703;0,005229737;0,001048025;0,569975217;0,99166286;CALI
81699;1087,782;423,3148575;247,8588311;1,707886927;0,810658787;82699;322,525034;0,791082062;0,987907955;0,867646599;0,761903411;0,005181396;0,001077026;0,580496808;0,99142291;CALI
81767;1094,281;425,2811929;245,7281906;1,730697613;0,816177193;82504;322,6592287;0,685447229;0,9910671;0,858084803;0,758696209;0,005201135;0,00106304;0,575619937;0,996224051;CALI
81774;1082,182;400,884688;261,508853;1,532967941;0,757935619;82581;322,6730397;0,821156009;0,990227776;0,877454274;0,80490238;0,004902349;0,001269278;0,647867842;0,993160632;CALI
81862;1110,904;435,6896775;241,3358117;1,805325428;0,832572057;83105;322,8466131;0,658923339;0,985043018;0,833564391;0,74100129;0,005322246;0,000989807;0,549082912;0,991273343;CALI
82058;1124,551;446,2305721;235,792288;1,892473142;0,848989894;82908;323,2328736;0,721642775;0,989747672;0,815403328;0,724362905;0,00543799;0,000923513;0,524701618;0,99298372;CALI
82095;1114,935;434,2286666;241,7090409;1,796493275;0,830753827;82787;323,3057383;0,68049569;0,9916412;0,829903265;0,744551807;0,005289344;0,001002677;0,554357393;0,995899329;CALI
82174;1110,342;433,7984637;243,7960276;1,779350008;0,82713521;83674;323,4612594;0,81135466;0,982073284;0,837588597;0,745648698;0,005279023;0,001006631;0,55599198;0,989304334;CALI
82272;1161,277;439,7710967;239,0191388;1,839899093;0,839403944;83224;323,6540805;0,789528233;0,988560992;0,766637872;0,735960328;0,005345331;0,000967324;0,541637604;0,996558537;CALI
82399;1095,949;425,5856627;249,0755998;1,708660596;0,81085021;84147;323,9037901;0,77002654;0,979226829;0,862087039;0,761077777;0,005164937;0,001068959;0,579239383;0,989723509;CALI
82455;1101,381;420,8123707;252,3648052;1,667476455;0,800218454;84427;324,0138371;0,710041592;0,976642543;0,854184526;0,769972224;0,00510354;0,0011065;0,592857226;0,988575466;CALI
82497;1123,734;435,9144;244,6287845;1,781942387;0,827690147;84492;324,0963479;0,739140953;0,976388297;0,820958072;0,743486216;0,005284003;0,000995943;0,552771754;0,985007418;CALI
82640;1130,951;448,0703902;237,8726752;1,883656413;0,847445514;84169;324,37712;0,776443618;0,981834167;0,811918794;0,723942325;0,005421955;0,000918653;0,52409249;0,987210179;CALI
82762;1112,693;438,5255345;242,3317215;1,809608465;0,833442806;83578;324,6164679;0,769392384;0,990236665;0,840020973;0,740245305;0,005298634;0,000981401;0,547963111;0,991598684;CALI
83001;1119,895;432,2294073;246,7591762;1,751624454;0,821020557;84155;325,0848435;0,739759358;0,986287208;0,831646143;0,752111814;0,00520752;0,001027875;0,56567218;0,990845224;CALI
83577;1120,306;419,0831638;257,6042703;1,626848667;0,788772434;85744;326,2108849;0,755723741;0,974727095;0,836803173;0,778391768;0,005014336;0,001135497;0,605893745;0,985697431;CALI
83592;1112,64;430,5926125;249,2471351;1,727572966;0,815436348;84331;326,240157;0,784989858;0,991236912;0,848526172;0,757653865;0,005151122;0,001047044;0,574039379;0,991694912;CALI
83749;1122,304;436,0196041;246,3986313;1,769569911;0,825016208;84824;326,5463805;0,702403717;0,9873267;0,83554236;0,748925914;0,005206266;0,001010326;0,560890025;0,992534111;CALI
83773;1134,941;447,3225626;242,4610804;1,844925222;0,840360821;86024;326,5931665;0,784237182;0,973832884;0,817273396;0,730106625;0,005339699;0,000935926;0,533055684;0,983447876;CALI
83936;1129,483;432,9425173;252,0038481;1,717999628;0,813137033;86096;326,9107438;0,709554162;0,974911726;0,826796702;0,755090412;0,005158007;0,001034326;0,57016153;0,979537297;CALI
84080;1114,181;437,0809816;248,0983867;1,7617244;0,823286763;85529;327,1910465;0,76743337;0,983058378;0,851120538;0,748582209;0,005198394;0,001006948;0,560375323;0,98722688;CALI
84099;1105,804;428,8342168;251,0697698;1,70802808;0,810693734;85023;327,228013;0,778305292;0,989132352;0,864259939;0,76306414;0,00509916;0,001066406;0,582266882;0,994528184;CALI
84166;1108,716;443,6134549;242,4510878;1,829702885;0,837435073;84748;327,358335;0,811786265;0,993132581;0,860410936;0,737935992;0,005270697;0,000964101;0,544549529;0,996363844;CALI
84228;1118,273;426,1572737;253,547419;1,68077938;0,803753769;85117;327,4788854;0,764340227;0,989555553;0,846390293;0,768446078;0,005059568;0,001088295;0,590509374;0,99251598;CALI
84697;1100,164;426,4198942;253,801232;1,680133272;0,803584356;85314;328,3893569;0,754270193;0,992767893;0,87935256;0,770107965;0,005034652;0,001092335;0,593066277;0,996430385;CALI
84791;1111,688;440,9227214;246,9561704;1,785429053;0,828432129;85718;328,571536;0,685745018;0,989185469;0,862171744;0,745190756;0,005200112;0,00098915;0,555309262;0,99146529;CALI
84919;1119,753;443,1612961;244,9903243;1,808893054;0,833297855;85620;328,8194473;0,663455604;0,991812661;0,851079767;0,741985932;0,005218635;0,000975707;0,550543123;0,995873632;CALI
85130;1132,32;442,9890756;249,1711076;1,77785089;0,826813022;87434;329,2277061;0,693772106;0,973648695;0,834361278;0,743195993;0,005203678;0,000979273;0,552340285;0,981978667;CALI
85244;1102,784;421,0173428;258,9638094;1,625776759;0,788456439;85958;329,4480714;0,81978785;0,991693618;0,880831367;0,782504752;0,004938967;0,001142257;0,612313687;0,995485362;CALI
85329;1105,44;400,5141202;272,6878901;1,468763868;0,732427869;86101;329,612283;0,733564877;0,991033786;0,877477864;0,82297294;0,004693763;0,001328138;0,67728446;0,994770943;CALI
85330;1118,881;426,9344592;258,2929912;1,652907642;0,796229665;87158;329,6142144;0,80369589;0,979026595;0,856532431;0,772048747;0,005003334;0,001096524;0,596059268;0,98523092;CALI
85453;1115,353;438,2280907;250,243983;1,751203307;0,820925071;86451;329,8516922;0,830850754;0,988455888;0,863202121;0,752694086;0,005128294;0,001015375;0,566548387;0,992141409;CALI
85613;1142,861;446,1686199;246,7936591;1,807860954;0,833088391;86801;330,1603507;0,795992748;0,986313522;0,823688029;0,739990075;0,005211459;0,000963924;0,547585312;0,989958104;CALI
85631;1129,837;441,9871146;249,0961065;1,774363802;0,826059932;87138;330,1950567;0,757193386;0,982705593;0,842964516;0,747069418;0,005161532;0,00099175;0,558112716;0,990295001;CALI
85680;1136,21;458,7874209;240,4925432;1,907699153;0,851600315;87086;330,2895157;0,69980561;0,98385504;0,834011631;0,719918421;0,005354662;0,000887248;0,518282533;0,98872715;CALI
85998;1174,8;441,3015301;251,9228226;1,751733033;0,821045162;88241;330,9018803;0,745423341;0,974580977;0,783015465;0,749831709;0,005131532;0,00100065;0,562247591;0,984907678;CALI
86264;1129,948;449,066567;247,502132;1,814394742;0,834407516;87923;331,4132407;0,726751925;0,981131217;0,849029031;0,738004708;0,005205724;0,000952571;0,544650949;0,988211818;CALI
86338;1143,59;447,340553;247,2467346;1,809288013;0,833377903;87277;331,5553586;0,717474405;0,989241152;0,829604597;0,741169913;0,005181271;0,000964467;0,549332839;0,993901321;CALI
86419;1130,087;445,4437584;248,9341961;1,789403647;0,829271859;87179;331,7108503;0,742992984;0,991282304;0,850345353;0,744675044;0,005154466;0,000977756;0,554540921;0,992297546;CALI
86514;1148,281;447,0293401;250,3693979;1,785479151;0,828442754;88575;331,8931243;0,736414709;0,976731583;0,824517539;0,742441479;0,005167133;0,000968452;0,551219349;0,984190656;CALI
87031;1181,88;443,3101179;252,3160751;1,756963434;0,822224154;88107;332,8833291;0,767333804;0,987787576;0,782955485;0,750903974;0,005093704;0,000998967;0,563856778;0,990675741;CALI
87055;1142,042;455,2597172;245,5375913;1,854134493;0,842091171;87949;332,9292246;0,753670741;0,989835018;0,838763324;0,731295153;0,005229564;0,000922606;0,534792601;0,991577408;CALI
87083;1132,608;441,0428336;252,7778618;1,744784256;0,819459731;87801;332,9827612;0,729417776;0,991822417;0,853068678;0,75498962;0,005064626;0,001015059;0,570009326;0,994543298;CALI
87307;1146,429;449,8258641;249,6707369;1,801676359;0,831824564;88868;333,4107451;0,674226979;0,982434622;0,834765713;0,741199588;0,005152231;0,000959215;0,549376829;0,989799245;CALI
87614;1129,358;427,2790652;263,0184459;1,624521291;0,788085373;88630;333,9964213;0,71870719;0,988536613;0,863217244;0,781682157;0,004876835;0,001123152;0,611026995;0,992626362;CALI
87672;1140,811;435,1678431;261,9445784;1,661297385;0,798541929;89768;334,106955;0,77682084;0,976650922;0,846531996;0,767765726;0,00496359;0,001063875;0,58946421;0,97927535;CALI
87843;1160,9;466,2819801;241,9101475;1,927500706;0,854891665;88804;334,432626;0,742544379;0,989178415;0,819082036;0,717232577;0,005308129;0,000866485;0,514422569;0,991549865;CALI
87911;1153,126;442,2787184;255,6493563;1,730020856;0,816017134;90019;334,5620445;0,780286691;0,976582721;0,830805868;0,756450696;0,005030983;0,001016144;0,572217656;0,989948479;CALI
88339;1150,877;448,6546315;252,6408365;1,775859507;0,82638358;89449;335,3754734;0,749143487;0,987590694;0,838116751;0,747513677;0,005078783;0,000978174;0,558776698;0,992308911;CALI
88369;1132,4;440,971716;256,996531;1,715866414;0,812618532;89229;335,4324154;0,783524259;0,990361878;0,865984429;0,760666508;0,004990118;0,001030547;0,578613537;0,992823534;CALI
88489;1188,149;467,2957134;244,0709963;1,914589282;0,852758608;90923;335,6600871;0,735056154;0,973230096;0,787693638;0,718303373;0,005280834;0,000867189;0,515959736;0,987850979;CALI
88577;1163,072;460,1036468;248,9569388;1,848125419;0,840965451;90577;335,8269482;0,659094291;0,977919339;0,822844234;0,729894124;0,005194392;0,000909398;0,532745432;0,984580375;CALI
88705;1154,664;455,9312731;250,7253446;1,818449083;0,835217883;89829;336,0695074;0,76481036;0,987487337;0,83607784;0,737105628;0,00513986;0,000935944;0,543324707;0,988008315;CALI
88773;1139,829;433,4571416;264,0923336;1,641309066;0,792963016;90305;336,1982958;0,756222847;0,983035269;0,858640474;0,775620618;0,004882759;0,00109004;0,601587342;0,987390759;CALI
88892;1120,911;417,8434661;271,7476179;1,537615929;0,759628308;89503;336,4235569;0,8111176;0,993173413;0,889058379;0,805142557;0,004700574;0,00121849;0,648254538;0,996766503;CALI
89095;1126,165;431,9119918;263,7291843;1,637710263;0,79193252;90202;336,807478;0,773561971;0,987727545;0,882793536;0,779805804;0,004847769;0,001105777;0,608097092;0,995886848;CALI
89334;1152,216;445,9285908;256,8470289;1,7361641;0,81746208;90676;337,2589235;0,747164698;0,985200053;0,845588058;0,75630702;0,004991701;0,001007444;0,572000308;0,9930864;CALI
90004;1156,599;456,8363826;252,3535526;1,810302958;0,833583331;90790;338,5212726;0,783938681;0,991342659;0,845485278;0,741012068;0,005075734;0,000944017;0,549098885;0,994035335;CALI
90393;1165,547;458,4495326;253,3797702;1,80933755;0,833387939;91924;339,2520334;0,755693218;0,983344937;0,83615171;0,739998646;0,005071737;0,000938124;0,547597996;0,990789617;CALI
90548;1166,062;461,9894234;253,5383733;1,822167656;0,835955704;92762;339,5427724;0,726954511;0,976132468;0,8368458;0,734957891;0,005102149;0,000918296;0,540163102;0,984267733;CALI
93235;1160,064;450,51242;264,5526284;1,702921732;0,809422984;93897;344,5438854;0,815240677;0,992949722;0,870612583;0,764782213;0,00483201;0,001019668;0,584891833;0,996025013;CALI
94013;1186,708;460,5660539;261,5247205;1,761080379;0,823143607;94873;345,9784232;0,801290411;0,99093525;0,838899693;0,751202613;0,004898961;0,000962304;0,564305366;0,993787108;CALI
94151;1158,189;444,1690204;271,5418786;1,63572935;0,791361816;95228;346,2322579;0,79390684;0,988690301;0,882014915;0,779505643;0,004717624;0,001074435;0,607629047;0,993916667;CALI
94198;1183,792;456,7018734;268,2737271;1,702372716;0,809285557;96847;346,3186663;0,761682205;0,972647578;0,844696597;0,758303582;0,004848318;0,000988879;0,575024322;0,978905716;CALI
94904;1191,159;441,7569765;274,764577;1,607765387;0,783032098;95752;347,6140471;0,808209495;0,991143788;0,84053327;0,786889773;0,004654777;0,001100866;0,619195515;0,995521117;CALI
96343;1198,882;464,9524414;264,9672883;1,754754122;0,821727642;97272;350,2395144;0,783110887;0,990449461;0,842320073;0,7532803;0,004826012;0,000958505;0,56743121;0,995702255;CALI
101496;1239,9;480,4816111;270,0436282;1,779274017;0,8271189;102579;359,4839646;0,668326024;0,989442284;0,829631954;0,748174241;0,004733996;0,000914995;0,559764695;0,995974777;CALI
107911;1298,822;498,5977794;279,3503372;1,784847601;0,828308741;110337;370,6704095;0,731897721;0,978012815;0,803852392;0,743425713;0,004620454;0,000870592;0,55268179;0,986452768;CALI
114004;1279,356;451,3612558;323,7479961;1,394174671;0,696795094;115298;380,9913399;0,748986604;0,988776909;0,875280258;0,844094027;0,00395917;0,001239788;0,712494726;0,9933421;BOMBAY
126503;1326,959;475,7724586;339,3818868;1,401879349;0,700830189;128220;401,3335547;0,771312725;0,986608953;0,902808585;0,843540956;0,003760958;0,001174635;0,711561345;0,997523155;BOMBAY
129409;1348,888;484,364424;341,1726593;1,419704689;0,709831188;130688;405,9170559;0,79933414;0,990213333;0,893763394;0,838040607;0,003742896;0,001138801;0,702312059;0,997075723;BOMBAY
137075;1432,713;526,8980615;334,1175121;1,576984272;0,773233229;139517;417,767053;0,67699716;0,982496757;0,839169548;0,792880224;0,003843867;0,000937084;0,62865905;0,991385434;BOMBAY
139523;1410,901;501,721529;354,9685707;1,413425217;0,706712168;140892;421,4809616;0,732219703;0,990283338;0,880770149;0,840069515;0,003595977;0,001104734;0,70571679;0,997477907;BOMBAY
140964;1425,6;538,2389592;334,9105788;1,607112445;0,782831306;142173;423,651908;0,815197779;0,991496276;0,871611006;0,787107475;0,003818272;0,00090403;0,619538177;0,995667514;BOMBAY
142154;1378,113;501,7293744;361,6697526;1,387258323;0,693094973;143074;425,4363575;0,795124789;0,993569761;0,940587688;0,847939904;0,003529478;0,001125513;0,71900208;0,99744162;BOMBAY
142238;1425,362;516,4426267;351,4148645;1,469609509;0,732791853;143764;425,5620359;0,767464321;0,989385382;0,879782154;0,824025775;0,003630834;0,001032641;0,679018478;0,997892013;BOMBAY
144404;1444,937;526,193572;350,8538321;1,499751531;0,745257189;145991;428,7900223;0,763525232;0,989129467;0,869143053;0,814890271;0,003643899;0,000991157;0,664046153;0,995904235;BOMBAY
145285;1440,991;524,9567463;353,0769977;1,486805285;0,740021669;146709;430,0960442;0,786046637;0,990293711;0,879241351;0,819298061;0,003613289;0,001004269;0,671249312;0,998017026;BOMBAY
145339;1465,758;543,2584514;342,4687548;1,586300776;0,776272521;147256;430,1759665;0,695958014;0,986981855;0,850095046;0,791844039;0,003737871;0,000906489;0,627016983;0,994637526;BOMBAY
146862;1422,934;534,4641251;352,7566956;1,515106961;0,751248548;148492;432,4239887;0,819414377;0,989022978;0,911485552;0,80907954;0,003639227;0,000961953;0,654609703;0,991803717;BOMBAY
150168;1474,752;548,3763466;351,4324088;1,56040346;0,767657862;151809;437,2640346;0,822946579;0,989190364;0,867659394;0,797379459;0,003651752;0,000910629;0,635814002;0,992126368;BOMBAY
150169;1496,077;562,8234368;342,7948749;1,641866545;0,793121922;151971;437,2654905;0,779026276;0,988142475;0,843106155;0,776914147;0,003747934;0,000842294;0,603595592;0,99102341;BOMBAY
150738;1465,681;532,787063;361,850791;1,472394358;0,73398482;152131;438,0931208;0,729789397;0,990843418;0,881766706;0,822266814;0,003534524;0,000996694;0,676122713;0,995519268;BOMBAY
152869;1475,473;537,207402;365,4009172;1,470186244;0,733039629;154271;441,1789387;0,761098913;0,990912096;0,882402552;0,821245085;0,003514168;0,000986038;0,67444349;0,991557542;BOMBAY
153075;1456,617;522,3663458;374,7944989;1,393740696;0,696565119;154335;441,476096;0,801406224;0,991835941;0,906616009;0,845146514;0,003412486;0,001073937;0,714272629;0,995510832;BOMBAY
153971;1476,91;543,4833657;362,8924628;1,497643025;0,744416235;155410;442,7662656;0,815295494;0,990740622;0,887034951;0,814682276;0,003529777;0,000959136;0,663707211;0,993996476;BOMBAY
155917;1507,244;553,8696768;361,7394028;1,531128963;0,757260593;158297;445,5554849;0,7876585;0,984964971;0,862454528;0,804441015;0,003552337;0,000917637;0,647125346;0,99083236;BOMBAY
156041;1480,302;540,3492309;370,2427825;1,459445684;0,728362821;157801;445,7326237;0,803076622;0,988846712;0,89484525;0,824897304;0,003462867;0,000989043;0,680455562;0,993087933;BOMBAY
157188;1515,306;587,4231566;342,8149349;1,713528487;0,812047665;158675;447,3678325;0,802651198;0,990628643;0,860257696;0,761576774;0,003737074;0,000775472;0,579999182;0,993845121;BOMBAY
157916;1508,395;574,5180542;350,8609194;1,637452399;0,791858369;159638;448,4026047;0,76832057;0,989213095;0,872179411;0,780484793;0,003638124;0,000832751;0,609156512;0,997464793;BOMBAY
158083;1508,225;582,5025195;348,1777587;1,673003243;0,801699363;159942;448,6396404;0,77128708;0,988377037;0,873298597;0,770193476;0,003684789;0,000799819;0,593197991;0,992422163;BOMBAY
158140;1564,995;536,7652652;378,4083166;1,418481681;0,709228037;160990;448,7205161;0,829286711;0,982297037;0,811382599;0,835971597;0,003394241;0,001022559;0,698848511;0,991303812;BOMBAY
158438;1527,5;569,1528979;357,2628761;1,59309275;0,778447399;160009;449,143103;0,722231086;0,990181802;0,853309887;0,789143137;0,003592275;0,000859355;0,62274689;0,992093556;BOMBAY
159596;1509,379;536,5140723;379,8883152;1,412294221;0,706144499;161161;450,7814752;0,765492498;0,990289214;0,880309238;0,840204383;0,003361701;0,001033424;0,705943406;0,996999792;BOMBAY
161008;1496,088;505,5965214;407,8607156;1,239630349;0,590971969;163019;452,7711923;0,814059782;0,987664015;0,903947151;0,895518804;0,003140195;0,001245762;0,801953929;0,994126429;BOMBAY
161473;1556,283;605,285003;343,0184745;1,764584266;0,823920278;163971;453,4245351;0,800064412;0,984765599;0,837785098;0,749109152;0,003748521;0,000728149;0,561164521;0,990222084;BOMBAY
162310;1574,43;595,5099512;352,5959203;1,688930351;0,805871311;165976;454,5981858;0,796883362;0,977912469;0,822826801;0,763376304;0,003668966;0,000768561;0,582743382;0,984212985;BOMBAY
164154;1532,775;589,430266;356,9019467;1,651518776;0,795842826;165847;457,1732322;0,748809415;0,989791796;0,87802022;0,775618862;0,003590715;0,000801593;0,601584619;0,993528294;BOMBAY
164201;1560,469;570,6124442;368,330017;1,549188005;0,763760738;166229;457,2386756;0,806868661;0,987799963;0,847374461;0,801312134;0,003475085;0,000883796;0,642101137;0,994735379;BOMBAY
164698;1546,544;569,9455173;369,0319236;1,544434183;0,762077076;166443;457,9301328;0,813894188;0,98951593;0,865313797;0,803462996;0,003460549;0,000889587;0,645552786;0,997013789;BOMBAY
164968;1551,497;575,8143385;367,2202006;1,568035575;0,770251183;166784;458,3053362;0,786258305;0,989111665;0,861207281;0,795925536;0,003490461;0,000864077;0,633497459;0,993346553;BOMBAY
164981;1541,203;554,9226251;382,8316956;1,449521112;0,723920866;167564;458,3233938;0,793868703;0,984584994;0,872818824;0,825923062;0,003363555;0,000965465;0,682148905;0,988789239;BOMBAY
164983;1530,766;572,7412728;370,1513026;1,547316648;0,763100254;167334;458,3261719;0,795014504;0,985950255;0,884772153;0,800232485;0,003471517;0,00087814;0,64037203;0,990858303;BOMBAY
165855;1538,592;578,1032529;367,622113;1,572547549;0,771762548;167630;459,5357926;0,784889499;0,989411203;0,88042323;0,794902624;0,003485594;0,000858445;0,631870182;0,993645905;BOMBAY
166007;1524,336;569,0053538;373,5564915;1,523210992;0,754319176;167703;459,7463182;0,77451758;0,989886883;0,897790183;0,807982412;0,003427599;0,000901109;0,652835578;0,994406328;BOMBAY
166256;1577,223;597,5389312;360,2287358;1,658776416;0,797851523;169300;460,0909842;0,696476897;0,982020083;0,839848572;0,769976583;0,003594089;0,000779253;0,592863938;0,983428718;BOMBAY
166265;1527,732;568,5672845;374,0466381;1,52004383;0,753126467;167521;460,1034372;0,75575;0,992502433;0,895192324;0,809233049;0,003419645;0,000904597;0,654858127;0,995413056;BOMBAY
166654;1529,386;572,6117316;372,5460256;1,53702279;0,759413364;168540;460,6413606;0,726731205;0,988809778;0,895347005;0,804456729;0,003435932;0,000887636;0,647150629;0,994685265;BOMBAY
166757;1565,85;588,4357894;364,0076394;1,616547912;0,785704391;169717;460,7836876;0,743660753;0,982559201;0,854660484;0,783065367;0,003528702;0,00081844;0,61319137;0,991253228;BOMBAY
166862;1545,005;580,3276343;368,7448381;1,573791886;0,772176558;168545;460,928733;0,837849916;0,990014536;0,87843075;0,794256047;0,00347789;0,000853764;0,630842669;0,992815074;BOMBAY
168165;1588,556;614,8503149;350,5733646;1,753842069;0,821522035;170374;462,7248946;0,813523163;0,987034407;0,837414386;0,752581374;0,003656232;0,000723481;0,566378724;0,993338833;BOMBAY
168315;1604,519;633,0053489;345,1358936;1,83407568;0,838284042;171729;462,9312195;0,786459891;0,98011984;0,821566944;0,731322761;0,003760837;0,000663591;0,534832981;0,980924163;BOMBAY
168744;1573,509;602,3624915;357,8278181;1,683386425;0,804435008;170252;463,5208018;0,73513344;0,991142542;0,856445518;0,769504756;0,003569682;0,000772066;0,592137569;0,996796345;BOMBAY
169095;1529,214;547,6732621;394,2119678;1,389286239;0,69418765;171300;464,0026302;0,78006643;0,987127846;0,908665626;0,847225275;0,00323885;0,001029357;0,717790667;0,997216696;BOMBAY
169310;1542,564;576,8799274;376,7857755;1,531055483;0,757233558;171788;464,2975203;0,750827058;0,985575244;0,894141166;0,804842565;0,003407241;0,000881914;0,647771554;0,991774189;BOMBAY
169553;1587,35;625,2960707;348,7432745;1,792998221;0,830025772;171550;464,6305893;0,781537511;0,988359079;0,845609688;0,743056947;0,003687909;0,000693503;0,552133627;0,98997461;BOMBAY
169559;1575,747;591,4136202;368,1300911;1,606534305;0,782653269;172319;464,6388102;0,736655747;0,983983194;0,858139183;0,785641038;0,003487952;0,000819685;0,61723184;0,991604125;BOMBAY
169969;1592,346;601,3500192;363,5449397;1,654128427;0,796568728;172267;465,2002281;0,745631775;0,986660243;0,842373509;0,773593104;0,003537998;0,000781606;0,598446291;0,989907021;BOMBAY
170067;1545,389;549,5836288;396,7035678;1,385376068;0,692074931;171795;465,3343203;0,785383763;0,9899415;0,894858322;0,846703388;0,003231571;0,001024516;0,716906627;0,993185283;BOMBAY
171028;1553,271;564,123032;387,7362456;1,454914361;0,726349373;172608;466,6472038;0,788961878;0,990846311;0,890804933;0,827208211;0,003298425;0,000952677;0,684273424;0,995559231;BOMBAY
171116;1598,192;613,7203747;361,9939189;1,695388631;0,807523598;174786;466,7672417;0,673960992;0,979002895;0,841865241;0,760553602;0,003586575;0,000740251;0,578441782;0,980683621;BOMBAY
171423;1547,307;565,2782103;387,5673869;1,458528838;0,727957392;173027;467,1857687;0,768265137;0,99072977;0,899758534;0,826470506;0,003297563;0,000949035;0,683053498;0,996253224;BOMBAY
171620;1583,298;566,1217778;389,903898;1,451952085;0,725019858;174696;467,4541375;0,790263759;0,98239227;0,860304977;0,825713046;0,003298693;0,000945885;0,681802034;0,989943885;BOMBAY
173108;1591,411;572,6616553;388,984863;1,472195218;0,733899802;175235;469,4762519;0,761168566;0,987862014;0,858938939;0,819814366;0,003308118;0,000921771;0,672095595;0,989455921;BOMBAY
173809;1558,175;567,890055;391,4866953;1,450598607;0,724408867;175580;470,4258624;0,818340615;0,98991343;0,899600443;0,828374891;0,003267322;0,000949029;0,68620496;0,99540796;BOMBAY
174465;1578,182;606,6889824;367,9978452;1,648621018;0,795031959;176301;471,3127806;0,808262143;0,989585992;0,880245893;0,776860623;0,003477425;0,000781286;0,603512427;0,994963272;BOMBAY
175387;1587,972;603,2318039;372,2073688;1,62068743;0,786945804;176888;472,5565194;0,797228131;0,991514405;0,874020427;0,783374677;0,003439433;0,000798996;0,613675884;0,994576791;BOMBAY
176818;1633,063;643,6465922;353,8156187;1,819158223;0,835358987;178964;474,4804209;0,730701203;0,988008762;0,833163929;0,73717538;0,003640164;0,000663108;0,54342754;0,988580678;BOMBAY
176826;1632,597;640,2908694;354,9426494;1,803927678;0,83228635;179666;474,4911545;0,809576134;0,984192891;0,833677343;0,741055631;0,003621022;0,000673619;0,549163449;0,990651145;BOMBAY
178177;1609,793;593,2555045;385,3183285;1,539650364;0,760363207;181200;476,3003279;0,724046569;0,983316777;0,864015308;0,802858674;0,003329585;0,000853348;0,644582051;0,992430989;BOMBAY
180547;1649,901;658,5985792;351,8995746;1,871552644;0,845284988;182425;479,4575895;0,834413244;0,989705358;0,833459246;0,727996696;0,003647796;0,000632016;0,529979189;0,991883952;BOMBAY
180805;1631,287;631,507181;369,9237547;1,70712795;0,810470702;184775;479,8000374;0,737714617;0,978514409;0,853806683;0,759769725;0,003492753;0,000717919;0,577250035;0,98543967;BOMBAY
180948;1578,418;571,5790899;404,2273452;1,414004017;0,707001977;182446;479,9897386;0,7398013;0,991789351;0,912682244;0,839760843;0,003158803;0,000969002;0,705198274;0,997153192;BOMBAY
181020;1593,456;594,8962104;388,8031964;1,530070267;0,756870603;182766;480,0852241;0,784145549;0,990446801;0,895893267;0,807006694;0,003286356;0,000859811;0,651259804;0,996473263;BOMBAY
182494;1653,298;614,2726257;387,0123388;1,587217161;0,776567947;189173;482,0358674;0,745603857;0,964693693;0,83898882;0,784726272;0,003365988;0,000787345;0,615795322;0,977400902;BOMBAY
183153;1627,014;608,6434692;385,1108888;1,580436926;0,774367242;185326;482,9054176;0,768578395;0,988274716;0,869443412;0,793412633;0,003323142;0,000812316;0,629503607;0,994890745;BOMBAY
183243;1653,91;621,0828564;380,4553283;1,632472488;0,790418086;187180;483,0240511;0,783571942;0,97896677;0,841808896;0,777712742;0,003389395;0,000764854;0,604837109;0,98737994;BOMBAY
183754;1630,759;625,5357421;376,067177;1,663361709;0,799104499;185287;483,6970739;0,822621947;0,991726349;0,868294595;0,773252496;0,003404202;0,000750724;0,597919423;0,994556272;BOMBAY
183825;1594,423;582,2252398;402,7620548;1,445581163;0,72212432;185116;483,7905118;0,797851563;0,993025995;0,908672401;0,830933595;0,00316728;0,00093139;0,69045064;0,998102439;BOMBAY
184491;1656,324;618,6363355;383,1531609;1,614592802;0,785114057;187848;484,6661086;0,766795511;0,982129168;0,845073453;0,78344268;0,003353206;0,000779236;0,613782433;0,991008698;BOMBAY
184715;1664,133;643,8353874;368,5698852;1,746847513;0,81993278;187214;484,9602484;0,798733028;0,986651639;0,838177431;0,753236398;0,003485561;0,000692114;0,567365072;0,991100265;BOMBAY
185950;1641,868;622,9177351;383,0486918;1,626210319;0,788584341;188551;486,5787638;0,813920915;0,986205324;0,86682129;0,781128448;0,003349921;0,000769315;0,610161652;0,992251175;BOMBAY
186439;1663,337;627,8109193;382,6947468;1,640500489;0,792732192;188370;487,2181313;0,848622642;0,989748898;0,846810301;0,776058709;0,00336738;0,000753443;0,602267119;0,988019504;BOMBAY
187588;1654,357;593,1580854;405,8803103;1,461411333;0,729228705;189950;488,7171572;0,716110462;0,987565149;0,861303973;0,823923958;0,003162026;0,000898863;0,678850688;0,992080089;BOMBAY
187761;1664,833;615,0686123;393,7663939;1,56201398;0,768208999;192202;488,942461;0,816710816;0,976894101;0,851282885;0,794939705;0,003275806;0,000806928;0,631929134;0,987082142;BOMBAY
189236;1659,042;616,7189285;394,2323971;1,564353749;0,769005963;191867;490,8592043;0,69624277;0,986287376;0,863970397;0,795920446;0,003258994;0,000806755;0,633489356;0,991001449;BOMBAY
191042;1677,604;629,0483912;389,4610204;1,615176765;0,785290653;193440;493,1959338;0,775250988;0,987603391;0,853021179;0,784034966;0,003292723;0,000767497;0,614710827;0,992866646;BOMBAY
191366;1681,844;642,8971264;383,3926337;1,676863533;0,802723457;193330;493,6139774;0,784119778;0,989841204;0,850165002;0,767796211;0,003359516;0,000720179;0,589511021;0,988529534;BOMBAY
191756;1699,14;659,992234;373,0010084;1,769411393;0,824981528;193517;494,116709;0,66201287;0,990900024;0,834642506;0,74867049;0,003441834;0,00066701;0,560507502;0,99176836;BOMBAY
192018;1667,608;637,5186106;385,1775668;1,655129129;0,796845999;193459;494,4541545;0,81848756;0,992551393;0,867688549;0,775591718;0,003320098;0,000741077;0,601542513;0,995630536;BOMBAY
193584;1693,359;637,0427226;390,5938548;1,630959409;0,789977336;197382;496,4663171;0,800595533;0,980758124;0,848362069;0,779329705;0,003290782;0,000748796;0,607354789;0,990571008;BOMBAY
194330;1672,373;628,0549768;395,8854849;1,586456187;0,776322666;196056;497,4219946;0,717082225;0,991196393;0,873139066;0,792003906;0,003231899;0,000784417;0,627270187;0,995136668;BOMBAY
195076;1671,831;629,855816;397,1060279;1,586114971;0,776212545;196829;498,3758395;0,796257822;0,991093792;0,8770593;0,79125385;0,003228771;0,000780693;0,626082656;0,993039073;BOMBAY
199669;1690,464;625,7629325;411,065652;1,522294381;0,753974953;202954;504,2087531;0,764470531;0,983814066;0,878028583;0,805750432;0,003134001;0,000814857;0,649233758;0,988324903;BOMBAY
200116;1773,379;636,1081262;402,3250586;1,581080056;0,774577472;202634;504,7728249;0,773419082;0,987573655;0,799629034;0,793533055;0,003178697;0,00077748;0,62969471;0,995597747;BOMBAY
200714;1688,8;612,1030514;420,6495529;1,455137768;0,726449214;203767;505,5264602;0,711860319;0,985017201;0,884364069;0,825884561;0,003049628;0,000875193;0,682085309;0,992528094;BOMBAY
202363;1709,543;628,335887;413,0076401;1,521366256;0,75362561;204085;507,5988317;0,687692004;0,991562339;0,870123534;0,807846316;0,003104994;0,000815747;0,652615671;0,992867459;BOMBAY
203101;1734,279;650,4675322;402,3138876;1,616816004;0,785785139;206039;508,5235735;0,743333455;0,985740564;0,848562812;0,781781639;0,00320268;0,000737964;0,611182531;0,988169698;BOMBAY
203179;1732,071;676,9838845;388,0407184;1,744620738;0,819422158;206073;508,6212122;0,815272695;0,985956433;0,851054362;0,751304756;0,003331958;0,000654853;0,564458836;0,984766592;BOMBAY
203296;1716,579;627,5124928;416,8053569;1,505528858;0,747538554;205470;508,7676351;0,765018439;0,98941938;0,866984049;0,810768934;0,003086694;0,000822738;0,657346265;0,989653771;BOMBAY
203688;1738,084;676,0589864;389,1160899;1,737422338;0,817755826;207028;509,2579075;0,788071066;0,983866917;0,847293324;0,753274371;0,003319091;0,000659192;0,567422278;0,98585214;BOMBAY
204635;1706,37;635,1262868;412,6639162;1,539088498;0,760160606;206334;510,4403729;0,807044459;0,991765778;0,883168083;0,803683273;0,003103703;0,000798729;0,645906803;0,994107731;BOMBAY
205476;1746,64;679,0974408;386,4526105;1,757259292;0,822290479;207384;511,4881902;0,773850951;0,990799676;0,846377604;0,753188216;0,003304996;0,000656092;0,567292489;0,996879998;BOMBAY
206702;1735,169;663,5370804;401,7599413;1,651576009;0,79585879;209401;513,0118521;0,700684746;0,987110854;0,862722218;0,773147225;0,003210114;0,000707537;0,597756631;0,987240511;BOMBAY
207673;1755,004;659,2733366;405,1692712;1,627155324;0,788862697;210788;514,2153984;0,733686858;0,985222119;0,847293119;0,779972994;0,003174574;0,000724742;0,608357872;0,98989275;BOMBAY
211734;1776,585;679,8398711;400,169975;1,698877761;0,808407039;213916;519,2187417;0,801840491;0,989799734;0,843001766;0,763736821;0,003210821;0,000673862;0,583293931;0,990945088;BOMBAY
221428;1812,571;679,7200367;417,6382009;1,627533198;0,788973839;225247;530,9716432;0,805339153;0,983045279;0,846939419;0,781162265;0,003069711;0,000705086;0,610214484;0,99314433;BOMBAY
226806;1812,548;679,9753874;428,6803406;1,586206138;0,776241976;229994;537,381027;0,768229731;0,986138769;0,867531735;0,790294821;0,002998048;0,000721398;0,624565904;0,99069027;BOMBAY
231066;1787,859;641,9042752;460,1984968;1,394842181;0,697148261;232903;542,4042484;0,736700143;0,992112596;0,908404716;0,844992422;0,002778013;0,000873625;0,714012194;0,995934326;BOMBAY
237270;1921,685;738,1445017;412,9216472;1,787613962;0,828894543;240671;549,6376504;0,784114793;0,985868675;0,807399161;0,744620666;0,00311099;0,000589955;0,554459936;0,991160323;BOMBAY
254616;1985,37;738,8601535;447,4183287;1,651385529;0,795805652;263261;569,3743583;0,783747345;0,967161866;0,811731958;0,770611807;0,002901861;0,000631246;0,593842558;0,980663006;BOMBAY